-- ============================================================
-- Kynfowk – Demo Seed Data (development only)
-- Migration: 003_seed_demo_data
-- ============================================================

-- Demo family
insert into families (id, name) values
  ('11111111-0000-0000-0000-000000000001', 'The Henderson Family')
on conflict do nothing;

-- Members
insert into family_members (id, family_id, display_name, email, is_elder) values
  ('22222222-0000-0000-0000-000000000001', '11111111-0000-0000-0000-000000000001', 'Margaret', 'margaret@example.com', true),
  ('22222222-0000-0000-0000-000000000002', '11111111-0000-0000-0000-000000000001', 'David',   'david@example.com',    false),
  ('22222222-0000-0000-0000-000000000003', '11111111-0000-0000-0000-000000000001', 'Priya',   'priya@example.com',    false),
  ('22222222-0000-0000-0000-000000000004', '11111111-0000-0000-0000-000000000001', 'Lucas',   'lucas@example.com',    false)
on conflict do nothing;

-- Past completed calls
insert into calls (id, family_id, title, scheduled_at, started_at, ended_at, duration_seconds, status, participant_count) values
  ('33333333-0000-0000-0000-000000000001', '11111111-0000-0000-0000-000000000001', 'Sunday catch-up',
   now() - interval '6 days', now() - interval '6 days',
   now() - interval '6 days' + interval '45 minutes', 2700, 'completed', 4),
  ('33333333-0000-0000-0000-000000000002', '11111111-0000-0000-0000-000000000001', 'Quick check-in',
   now() - interval '3 days', now() - interval '3 days',
   now() - interval '3 days' + interval '12 minutes', 720, 'completed', 2),
  ('33333333-0000-0000-0000-000000000003', '11111111-0000-0000-0000-000000000001', 'Birthday call',
   now() - interval '1 day', now() - interval '1 day',
   now() - interval '1 day' + interval '65 minutes', 3900, 'completed', 3)
on conflict do nothing;

-- Participants
insert into call_participants (call_id, member_id, joined_at) values
  ('33333333-0000-0000-0000-000000000001', '22222222-0000-0000-0000-000000000001', now() - interval '6 days'),
  ('33333333-0000-0000-0000-000000000001', '22222222-0000-0000-0000-000000000002', now() - interval '6 days'),
  ('33333333-0000-0000-0000-000000000001', '22222222-0000-0000-0000-000000000003', now() - interval '6 days'),
  ('33333333-0000-0000-0000-000000000001', '22222222-0000-0000-0000-000000000004', now() - interval '6 days'),
  ('33333333-0000-0000-0000-000000000002', '22222222-0000-0000-0000-000000000002', now() - interval '3 days'),
  ('33333333-0000-0000-0000-000000000002', '22222222-0000-0000-0000-000000000003', now() - interval '3 days'),
  ('33333333-0000-0000-0000-000000000003', '22222222-0000-0000-0000-000000000001', now() - interval '1 day'),
  ('33333333-0000-0000-0000-000000000003', '22222222-0000-0000-0000-000000000002', now() - interval '1 day'),
  ('33333333-0000-0000-0000-000000000003', '22222222-0000-0000-0000-000000000004', now() - interval '1 day')
on conflict do nothing;

-- Manually seed connection events for the demo data
-- (In prod, the trigger handles this automatically)
insert into connection_events (family_id, call_id, member_id, event_type, score_delta) values
  -- Call 1 (45min, 4 ppl, elder)
  ('11111111-0000-0000-0000-000000000001','33333333-0000-0000-0000-000000000001','22222222-0000-0000-0000-000000000001','call_completed',1),
  ('11111111-0000-0000-0000-000000000001','33333333-0000-0000-0000-000000000001','22222222-0000-0000-0000-000000000001','long_call',1),
  ('11111111-0000-0000-0000-000000000001','33333333-0000-0000-0000-000000000001','22222222-0000-0000-0000-000000000001','group_call',1),
  ('11111111-0000-0000-0000-000000000001','33333333-0000-0000-0000-000000000001','22222222-0000-0000-0000-000000000001','elder_call',1),
  ('11111111-0000-0000-0000-000000000001','33333333-0000-0000-0000-000000000001','22222222-0000-0000-0000-000000000002','call_completed',1),
  ('11111111-0000-0000-0000-000000000001','33333333-0000-0000-0000-000000000001','22222222-0000-0000-0000-000000000002','long_call',1),
  ('11111111-0000-0000-0000-000000000001','33333333-0000-0000-0000-000000000001','22222222-0000-0000-0000-000000000002','group_call',1),
  ('11111111-0000-0000-0000-000000000001','33333333-0000-0000-0000-000000000001','22222222-0000-0000-0000-000000000003','call_completed',1),
  ('11111111-0000-0000-0000-000000000001','33333333-0000-0000-0000-000000000001','22222222-0000-0000-0000-000000000003','long_call',1),
  ('11111111-0000-0000-0000-000000000001','33333333-0000-0000-0000-000000000001','22222222-0000-0000-0000-000000000003','group_call',1),
  ('11111111-0000-0000-0000-000000000001','33333333-0000-0000-0000-000000000001','22222222-0000-0000-0000-000000000004','call_completed',1),
  ('11111111-0000-0000-0000-000000000001','33333333-0000-0000-0000-000000000001','22222222-0000-0000-0000-000000000004','long_call',1),
  ('11111111-0000-0000-0000-000000000001','33333333-0000-0000-0000-000000000001','22222222-0000-0000-0000-000000000004','group_call',1),
  -- Call 2 (12min, 2 ppl)
  ('11111111-0000-0000-0000-000000000001','33333333-0000-0000-0000-000000000002','22222222-0000-0000-0000-000000000002','call_completed',1),
  ('11111111-0000-0000-0000-000000000001','33333333-0000-0000-0000-000000000002','22222222-0000-0000-0000-000000000002','long_call',1),
  ('11111111-0000-0000-0000-000000000001','33333333-0000-0000-0000-000000000002','22222222-0000-0000-0000-000000000003','call_completed',1),
  ('11111111-0000-0000-0000-000000000001','33333333-0000-0000-0000-000000000002','22222222-0000-0000-0000-000000000003','long_call',1),
  -- Call 3 (65min, 3 ppl, elder)
  ('11111111-0000-0000-0000-000000000001','33333333-0000-0000-0000-000000000003','22222222-0000-0000-0000-000000000001','call_completed',1),
  ('11111111-0000-0000-0000-000000000001','33333333-0000-0000-0000-000000000003','22222222-0000-0000-0000-000000000001','long_call',1),
  ('11111111-0000-0000-0000-000000000001','33333333-0000-0000-0000-000000000003','22222222-0000-0000-0000-000000000001','group_call',1),
  ('11111111-0000-0000-0000-000000000001','33333333-0000-0000-0000-000000000001','22222222-0000-0000-0000-000000000001','elder_call',1),
  ('11111111-0000-0000-0000-000000000001','33333333-0000-0000-0000-000000000003','22222222-0000-0000-0000-000000000002','call_completed',1),
  ('11111111-0000-0000-0000-000000000001','33333333-0000-0000-0000-000000000003','22222222-0000-0000-0000-000000000002','long_call',1),
  ('11111111-0000-0000-0000-000000000001','33333333-0000-0000-0000-000000000003','22222222-0000-0000-0000-000000000002','group_call',1),
  ('11111111-0000-0000-0000-000000000001','33333333-0000-0000-0000-000000000003','22222222-0000-0000-0000-000000000004','call_completed',1),
  ('11111111-0000-0000-0000-000000000001','33333333-0000-0000-0000-000000000003','22222222-0000-0000-0000-000000000004','long_call',1),
  ('11111111-0000-0000-0000-000000000001','33333333-0000-0000-0000-000000000003','22222222-0000-0000-0000-000000000004','group_call',1)
on conflict do nothing;

-- Seed weekly stats manually
insert into family_connection_stats
  (family_id, week_start, completed_calls, total_minutes, unique_members_connected, connection_score, streak_weeks)
values
  ('11111111-0000-0000-0000-000000000001',
   date_trunc('week', now())::date,
   3, 122, 4, 28, 4)
on conflict (family_id, week_start) do update
  set completed_calls = excluded.completed_calls,
      total_minutes   = excluded.total_minutes,
      unique_members_connected = excluded.unique_members_connected,
      connection_score = excluded.connection_score,
      streak_weeks    = excluded.streak_weeks;
